initialPropertyValue,initialMonthlyRentPrice,delta
100000,500,27176.755978085142009977431172
100000,600,34475.147815321196119355848838
100000,700,41773.539652557250228734266507
100000,800,49071.931489793304338112684176
100000,900,56370.323327029358447491101839
100000,1000,63668.715164265412556869519506
100000,1100,70967.107001501466666247937175
100000,1200,78265.498838737520775626354839
100000,1300,85563.89067597357488500477251
100000,1400,92862.28251320962899438319017
100000,1500,100160.67435044568310376160784
100000,1600,107459.06618768173721314002551
100000,1700,114757.45802491779132251844318
100000,1800,122055.84986215384543189686084
100000,1900,129354.24169938989954127527851
100000,2000,136652.63353662595365065369617
100000,2100,143951.02537386200776003211384
100000,2200,151249.41721109806186941053151
100000,2300,158547.80904833411597878894917
100000,2400,165846.20088557017008816736684
100000,2500,173144.59272280622419754578450
100000,2600,180442.98456004227830692420219
100000,2700,187741.37639727833241630261984
100000,2800,195039.76823451438652568103751
100000,2900,202338.16007175044063505945520
100000,3000,209636.55190898649474443787285
110000,500,26035.705574350059957795450660
110000,600,33334.097411586114067173868325
110000,700,40632.489248822168176552285992
110000,800,47930.881086058222285930703654
110000,900,55229.272923294276395309121326
110000,1000,62527.664760530330504687538994
110000,1100,69826.056597766384614065956663
110000,1200,77124.448435002438723444374330
110000,1300,84422.84027223849283282279200
110000,1400,91721.23210947454694220120966
110000,1500,99019.62394671060105157962733
110000,1600,106318.01578394665516095804499
110000,1700,113616.40762118270927033646266
110000,1800,120914.79945841876337971488033
110000,1900,128213.19129565481748909329800
110000,2000,135511.58313289087159847171566
110000,2100,142809.97497012692570785013333
110000,2200,150108.36680736297981722855099
110000,2300,157406.75864459903392660696866
110000,2400,164705.15048183508803598538632
110000,2500,172003.54231907114214536380399
110000,2600,179301.93415630719625474222167
110000,2700,186600.32599354325036412063931
110000,2800,193898.71783077930447349905702
110000,2900,201197.10966801535858287747466
110000,3000,208495.50150525141269225589231
120000,500,24894.655170614977905613470152
120000,600,32193.047007851032014991887815
120000,700,39491.438845087086124370305484
120000,800,46789.830682323140233748723154
120000,900,54088.222519559194343127140814
120000,1000,61386.614356795248452505558483
120000,1100,68685.006194031302561883976152
120000,1200,75983.398031267356671262393820
120000,1300,83281.78986850341078064081148
120000,1400,90580.18170573946489001922915
120000,1500,97878.57354297551899939764682
120000,1600,105176.96538021157310877606448
120000,1700,112475.35721744762721815448215
120000,1800,119773.74905468368132753289982
120000,1900,127072.14089191973543691131748
120000,2000,134370.53272915578954628973515
120000,2100,141668.92456639184365566815282
120000,2200,148967.31640362789776504657049
120000,2300,156265.70824086395187442498816
120000,2400,163564.10007810000598380340583
120000,2500,170862.49191533606009318182349
120000,2600,178160.88375257211420256024115
120000,2700,185459.27558980816831193865882
120000,2800,192757.66742704422242131707649
120000,2900,200056.05926428027653069549414
120000,3000,207354.45110151633064007391183
130000,500,23753.604766879895853431489666
130000,600,31051.996604115949962809907334
130000,700,38350.388441352004072188324997
130000,800,45648.780278588058181566742669
130000,900,52947.172115824112290945160334
130000,1000,60245.563953060166400323578000
130000,1100,67543.955790296220509701995668
130000,1200,74842.347627532274619080413338
130000,1300,82140.73946476832872845883100
130000,1400,89439.13130200438283783724868
130000,1500,96737.52313924043694721566634
130000,1600,104035.91497647649105659408401
130000,1700,111334.30681371254516597250167
130000,1800,118632.69865094859927535091935
130000,1900,125931.09048818465338472933701
130000,2000,133229.48232542070749410775468
130000,2100,140527.87416265676160348617234
130000,2200,147826.26599989281571286459000
130000,2300,155124.65783712886982224300767
130000,2400,162423.04967436492393162142534
130000,2500,169721.44151160097804099984300
130000,2600,177019.83334883703215037826068
130000,2700,184318.22518607308625975667833
130000,2800,191616.61702330914036913509601
130000,2900,198915.00886054519447851351368
130000,3000,206213.40069778124858789193135
140000,500,22612.554363144813801249509171
140000,600,29910.946200380867910627926841
140000,700,37209.338037616922020006344506
140000,800,44507.729874852976129384762172
140000,900,51806.121712089030238763179842
140000,1000,59104.513549325084348141597509
140000,1100,66402.905386561138457520015174
140000,1200,73701.297223797192566898432842
140000,1300,80999.68906103324667627685051
140000,1400,88298.08089826930078565526818
140000,1500,95596.47273550535489503368585
140000,1600,102894.86457274140900441210351
140000,1700,110193.25640997746311379052117
140000,1800,117491.64824721351722316893884
140000,1900,124790.04008444957133254735651
140000,2000,132088.43192168562544192577418
140000,2100,139386.82375892167955130419184
140000,2200,146685.21559615773366068260951
140000,2300,153983.60743339378777006102718
140000,2400,161281.99927062984187943944484
140000,2500,168580.39110786589598881786251
140000,2600,175878.78294510195009819628017
140000,2700,183177.17478233800420757469784
140000,2800,190475.56661957405831695311552
140000,2900,197773.95845681011242633153317
140000,3000,205072.35029404616653570995084
150000,500,21471.503959409731749067528658
150000,600,28769.895796645785858445946323
150000,700,36068.287633881839967824363992
150000,800,43366.679471117894077202781660
150000,900,50665.071308353948186581199325
150000,1000,57963.463145590002295959616992
150000,1100,65261.854982826056405338034658
150000,1200,72560.246820062110514716452326
150000,1300,79858.63865729816462409487000
150000,1400,87157.03049453421873347328766
150000,1500,94455.42233177027284285170533
150000,1600,101753.81416900632695223012299
150000,1700,109052.20600624238106160854066
150000,1800,116350.59784347843517098695833
150000,1900,123648.98968071448928036537599
150000,2000,130947.38151795054338974379366
150000,2100,138245.77335518659749912221133
150000,2200,145544.16519242265160850062900
150000,2300,152842.55702965870571787904666
150000,2400,160140.94886689475982725746433
150000,2500,167439.34070413081393663588200
150000,2600,174737.73254136686804601429967
150000,2700,182036.12437860292215539271734
150000,2800,189334.51621583897626477113498
150000,2900,196632.90805307503037414955264
150000,3000,203931.29989031108448352797032
160000,500,20330.453555674649696885548153
160000,600,27628.845392910703806263965825
160000,700,34927.237230146757915642383488
160000,800,42225.629067382812025020801156
160000,900,49524.020904618866134399218822
160000,1000,56822.412741854920243777636494
160000,1100,64120.804579090974353156054158
160000,1200,71419.196416327028462534471827
160000,1300,78717.588253563082571912889493
160000,1400,86015.98009079913668129130716
160000,1500,93314.37192803519079066972482
160000,1600,100612.76376527124490004814249
160000,1700,107911.15560250729900942656015
160000,1800,115209.54743974335311880497782
160000,1900,122507.93927697940722818339549
160000,2000,129806.33111421546133756181315
160000,2100,137104.72295145151544694023082
160000,2200,144403.11478868756955631864849
160000,2300,151701.50662592362366569706615
160000,2400,158999.89846315967777507548382
160000,2500,166298.29030039573188445390148
160000,2600,173596.68213763178599383231915
160000,2700,180895.07397486784010321073682
160000,2800,188193.46581210389421258915447
160000,2900,195491.85764933994832196757217
160000,3000,202790.24948657600243134598982
170000,500,19189.403151939567644703567624
170000,600,26487.794989175621754081985287
170000,700,33786.186826411675863460402957
170000,800,41084.578663647729972838820622
170000,900,48382.970500883784082217238285
170000,1000,55681.362338119838191595655952
170000,1100,62979.754175355892300974073623
170000,1200,70278.146012591946410352491293
170000,1300,77576.537849828000519730908952
170000,1400,84874.92968706405462910932662
170000,1500,92173.32152430010873848774429
170000,1600,99471.71336153616284786616196
170000,1700,106770.10519877221695724457963
170000,1800,114068.49703600827106662299729
170000,1900,121366.88887324432517600141496
170000,2000,128665.28071048037928537983263
170000,2100,135963.67254771643339475825029
170000,2200,143262.06438495248750413666796
170000,2300,150560.45622218854161351508563
170000,2400,157858.84805942459572289350330
170000,2500,165157.23989666064983227192096
170000,2600,172455.63173389670394165033863
170000,2700,179754.02357113275805102875629
170000,2800,187052.41540836881216040717396
170000,2900,194350.80724560486626978559164
170000,3000,201649.19908284092037916400929
180000,500,18048.352748204485592521587138
180000,600,25346.744585440539701900004802
180000,700,32645.136422676593811278422472
180000,800,39943.528259912647920656840142
180000,900,47241.920097148702030035257809
180000,1000,54540.311934384756139413675472
180000,1100,61838.703771620810248792093141
180000,1200,69137.095608856864358170510806
180000,1300,76435.487446092918467548928475
180000,1400,83733.87928332897257692734613
180000,1500,91032.27112056502668630576381
180000,1600,98330.66295780108079568418147
180000,1700,105629.05479503713490506259914
180000,1800,112927.44663227318901444101680
180000,1900,120225.83846950924312381943447
180000,2000,127524.23030674529723319785214
180000,2100,134822.62214398135134257626981
180000,2200,142121.01398121740545195468748
180000,2300,149419.40581845345956133310514
180000,2400,156717.79765568951367071152280
180000,2500,164016.18949292556778008994047
180000,2600,171314.58133016162188946835815
180000,2700,178612.97316739767599884677581
180000,2800,185911.36500463373010822519347
180000,2900,193209.75684186978421760361113
180000,3000,200508.14867910583832698202879
190000,500,16907.302344469403540339606602
190000,600,24205.694181705457649718024266
190000,700,31504.086018941511759096441937
190000,800,38802.477856177565868474859602
190000,900,46100.869693413619977853277267
190000,1000,53399.261530649674087231694938
190000,1100,60697.653367885728196610112601
190000,1200,67996.045205121782305988530266
190000,1300,75294.437042357836415366947936
190000,1400,82592.82887959389052474536560
190000,1500,89891.22071682994463412378327
190000,1600,97189.61255406599874350220093
190000,1700,104488.00439130205285288061860
190000,1800,111786.39622853810696225903627
190000,1900,119084.78806577416107163745394
190000,2000,126383.17990301021518101587161
190000,2100,133681.57174024626929039428927
190000,2200,140979.96357748232339977270694
190000,2300,148278.35541471837750915112460
190000,2400,155576.74725195443161852954228
190000,2500,162875.13908919048572790795994
190000,2600,170173.53092642653983728637760
190000,2700,177471.92276366259394666479527
190000,2800,184770.31460089864805604321293
190000,2900,192068.70643813470216542163061
190000,3000,199367.09827537075627480004827
200000,500,15766.251940734321488157626073
200000,600,23064.643777970375597536043748
200000,700,30363.035615206429706914461412
200000,800,37661.427452442483816292879079
200000,900,44959.819289678537925671296743
200000,1000,52258.211126914592035049714412
200000,1100,59556.602964150646144428132075
200000,1200,66854.994801386700253806549741
200000,1300,74153.386638622754363184967408
200000,1400,81451.77847585880847256338508
200000,1500,88750.17031309486258194180275
200000,1600,96048.56215033091669132022041
200000,1700,103346.95398756697080069863807
200000,1800,110645.34582480302491007705574
200000,1900,117943.73766203907901945547341
200000,2000,125242.12949927513312883389108
200000,2100,132540.52133651118723821230874
200000,2200,139838.91317374724134759072641
200000,2300,147137.30501098329545696914408
200000,2400,154435.69684821934956634756175
200000,2500,161734.08868545540367572597941
200000,2600,169032.48052269145778510439708
200000,2700,176330.87235992751189448281475
200000,2800,183629.26419716356600386123241
200000,2900,190927.65603439962011323965008
200000,3000,198226.04787163567422261806776
210000,500,14625.201536999239435975645606
210000,600,21923.593374235293545354063270
210000,700,29221.985211471347654732480943
210000,800,36520.377048707401764110898607
210000,900,43818.768885943455873489316273
210000,1000,51117.160723179509982867733938
210000,1100,58415.552560415564092246151602
210000,1200,65713.944397651618201624569277
210000,1300,73012.336234887672311002986938
210000,1400,80310.72807212372642038140461
210000,1500,87609.11990935978052975982227
210000,1600,94907.51174659583463913823994
210000,1700,102205.90358383188874851665761
210000,1800,109504.29542106794285789507528
210000,1900,116802.68725830399696727349294
210000,2000,124101.07909554005107665191061
210000,2100,131399.47093277610518603032828
210000,2200,138697.86277001215929540874594
210000,2300,145996.25460724821340478716361
210000,2400,153294.64644448426751416558127
210000,2500,160593.03828172032162354399894
210000,2600,167891.43011895637573292241661
210000,2700,175189.82195619242984230083428
210000,2800,182488.21379342848395167925193
210000,2900,189786.60563066453806105766962
210000,3000,197084.99746790059217043608727
220000,500,13484.15113326415738379366510
220000,600,20782.542970500211493172082759
220000,700,28080.934807736265602550500426
220000,800,35379.326644972319711928918092
220000,900,42677.718482208373821307335756
220000,1000,49976.110319444427930685753425
220000,1100,57274.502156680482040064171090
220000,1200,64572.893993916536149442588756
220000,1300,71871.285831152590258821006423
220000,1400,79169.677668388644368199424095
220000,1500,86468.06950562469847757784176
220000,1600,93766.46134286075258695625942
220000,1700,101064.85318009680669633467709
220000,1800,108363.24501733286080571309476
220000,1900,115661.63685456891491509151243
220000,2000,122960.02869180496902446993009
220000,2100,130258.42052904102313384834776
220000,2200,137556.81236627707724322676542
220000,2300,144855.20420351313135260518309
220000,2400,152153.59604074918546198360076
220000,2500,159451.98787798523957136201842
220000,2600,166750.37971522129368074043609
220000,2700,174048.77155245734779011885375
220000,2800,181347.16338969340189949727142
220000,2900,188645.55522692945600887568910
220000,3000,195943.94706416551011825410675
230000,500,12343.10072952907533161168460
230000,600,19641.492566765129440990102262
230000,700,26939.884404001183550368519925
230000,800,34238.276241237237659746937595
230000,900,41536.668078473291769125355257
230000,1000,48835.059915709345878503772929
230000,1100,56133.451752945399987882190594
230000,1200,63431.843590181454097260608264
230000,1300,70730.235427417508206639025928
230000,1400,78028.627264653562316017443595
230000,1500,85327.01910188961642539586126
230000,1600,92625.41093912567053477427893
230000,1700,99923.80277636172464415269660
230000,1800,107222.19461359777875353111426
230000,1900,114520.58645083383286290953193
230000,2000,121818.97828806988697228794960
230000,2100,129117.37012530594108166636726
230000,2200,136415.76196254199519104478493
230000,2300,143714.15379977804930042320259
230000,2400,151012.54563701410340980162026
230000,2500,158310.93747425015751918003794
230000,2600,165609.32931148621162855845560
230000,2700,172907.72114872226573793687327
230000,2800,180206.11298595831984731529093
230000,2900,187504.50482319437395669370861
230000,3000,194802.89666043042806607212627
240000,500,11202.05032579399327942970407
240000,600,18500.44216303004738880812172
240000,700,25798.834000266101498186539400
240000,800,33097.225837502155607564957070
240000,900,40395.617674738209716943374735
240000,1000,47694.009511974263826321792398
240000,1100,54992.401349210317935700210070
240000,1200,62290.793186446372045078627736
240000,1300,69589.185023682426154457045403
240000,1400,76887.576860918480263835463068
240000,1500,84185.96869815453437321388073
240000,1600,91484.36053539058848259229840
240000,1700,98782.75237262664259197071607
240000,1800,106081.14420986269670134913373
240000,1900,113379.53604709875081072755140
240000,2000,120677.92788433480492010596907
240000,2100,127976.31972157085902948438674
240000,2200,135274.71155880691313886280440
240000,2300,142573.10339604296724824122207
240000,2400,149871.49523327902135761963974
240000,2500,157169.88707051507546699805740
240000,2600,164468.27890775112957637647507
240000,2700,171766.67074498718368575489274
240000,2800,179065.06258222323779513331040
240000,2900,186363.45441945929190451172807
240000,3000,193661.84625669534601389014573
250000,500,10060.99992205891122724772358
250000,600,17359.39175929496533662614126
250000,700,24657.783596531019446004558917
250000,800,31956.175433767073555382976588
250000,900,39254.567271003127664761394254
250000,1000,46552.959108239181774139811926
250000,1100,53851.350945475235883518229588
250000,1200,61149.742782711289992896647259
250000,1300,68448.134619947344102275064923
250000,1400,75746.526457183398211653482586
250000,1500,83044.91829441945232103190026
250000,1600,90343.31013165550643041031792
250000,1700,97641.70196889156053978873559
250000,1800,104940.09380612761464916715325
250000,1900,112238.48564336366875854557092
250000,2000,119536.87748059972286792398859
250000,2100,126835.26931783577697730240626
250000,2200,134133.66115507183108668082392
250000,2300,141432.05299230788519605924159
250000,2400,148730.44482954393930543765926
250000,2500,156028.83666677999341481607693
250000,2600,163327.22850401604752419449459
250000,2700,170625.62034125210163357291226
250000,2800,177924.01217848815574295132993
250000,2900,185222.40401572420985232974759
250000,3000,192520.79585296026396170816526
260000,500,8919.94951832382917506574310
260000,600,16218.34135555988328444416076
260000,700,23516.73319279593739382257843
260000,800,30815.125030031991503200996102
260000,900,38113.516867268045612579413767
260000,1000,45411.908704504099721957831437
260000,1100,52710.300541740153831336249101
260000,1200,60008.692378976207940714666770
260000,1300,67307.084216212262050093084436
260000,1400,74605.476053448316159471502101
260000,1500,81903.86789068437026884991977
260000,1600,89202.25972792042437822833744
260000,1700,96500.65156515647848760675510
260000,1800,103799.04340239253259698517277
260000,1900,111097.43523962858670636359043
260000,2000,118395.82707686464081574200811
260000,2100,125694.21891410069492512042577
260000,2200,132992.61075133674903449884344
260000,2300,140291.00258857280314387726110
260000,2400,147589.39442580885725325567877
260000,2500,154887.78626304491136263409644
260000,2600,162186.17810028096547201251410
260000,2700,169484.56993751701958139093177
260000,2800,176782.96177475307369076934944
260000,2900,184081.35361198912780014776711
260000,3000,191379.74544922518190952618478
270000,500,7778.89911458874712288376254
270000,600,15077.29095182480123226218018
270000,700,22375.68278906085534164059787
270000,800,29674.07462629690945101901552
270000,900,36972.466463532963560397433196
270000,1000,44270.858300769017669775850859
270000,1100,51569.250138005071779154268526
270000,1200,58867.641975241125888532686195
270000,1300,66166.033812477179997911103864
270000,1400,73464.425649713234107289521530
270000,1500,80762.81748694928821666793920
270000,1600,88061.20932418534232604635686
270000,1700,95359.60116142139643542477453
270000,1800,102657.99299865745054480319220
270000,1900,109956.38483589350465418160986
270000,2000,117254.77667312955876356002753
270000,2100,124553.16851036561287293844520
270000,2200,131851.56034760166698231686286
270000,2300,139149.95218483772109169528053
270000,2400,146448.34402207377520107369820
270000,2500,153746.73585930982931045211586
270000,2600,161045.12769654588341983053353
270000,2700,168343.51953378193752920895120
270000,2800,175641.91137101799163858736886
270000,2900,182940.30320825404574796578653
270000,3000,190238.69504549009985734420420
280000,500,6637.84871085366507070178211
280000,600,13936.24054808971918008019980
280000,700,21234.63238532577328945861747
280000,800,28533.02422256182739883703514
280000,900,35831.416059797881508215452793
280000,1000,43129.807897033935617593870461
280000,1100,50428.199734269989726972288133
280000,1200,57726.591571506043836350705796
280000,1300,65024.983408742097945729123460
280000,1400,72323.375245978152055107541127
280000,1500,79621.76708321420616448595880
280000,1600,86920.15892045026027386437646
280000,1700,94218.55075768631438324279413
280000,1800,101516.94259492236849262121180
280000,1900,108815.33443215842260199962946
280000,2000,116113.72626939447671137804713
280000,2100,123412.11810663053082075646480
280000,2200,130710.50994386658493013488246
280000,2300,138008.90178110263903951330013
280000,2400,145307.29361833869314889171780
280000,2500,152605.68545557474725827013546
280000,2600,159904.07729281080136764855313
280000,2700,167202.46913004685547702697079
280000,2800,174500.86096728290958640538846
280000,2900,181799.25280451896369578380613
280000,3000,189097.64464175501780516222380
290000,500,5496.79830711858301851980160
290000,600,12795.19014435463712789821925
290000,700,20093.58198159069123727663695
290000,800,27391.97381882674534665505460
290000,900,34690.36565606279945603347227
290000,1000,41988.757493298853565411889934
290000,1100,49287.149330534907674790307595
290000,1200,56585.541167770961784168725271
290000,1300,63883.933005007015893547142937
290000,1400,71182.324842243070002925560605
290000,1500,78480.716679479124112303978270
290000,1600,85779.10851671517822168239594
290000,1700,93077.50035395123233106081361
290000,1800,100375.89219118728644043923127
290000,1900,107674.28402842334054981764894
290000,2000,114972.67586565939465919606660
290000,2100,122271.06770289544876857448427
290000,2200,129569.45954013150287795290194
290000,2300,136867.85137736755698733131961
290000,2400,144166.24321460361109670973727
290000,2500,151464.63505183966520608815494
290000,2600,158763.02688907571931546657260
290000,2700,166061.41872631177342484499027
290000,2800,173359.81056354782753422340794
290000,2900,180658.20240078388164360182561
290000,3000,187956.59423801993575298024327
300000,500,4355.74790338350096633782107
300000,600,11654.13974061955507571623871
300000,700,18952.53157785560918509465640
300000,800,26250.92341509166329447307405
300000,900,33549.31525232771740385149173
300000,1000,40847.707089563771513229909390
300000,1100,48146.098926799825622608327059
300000,1200,55444.490764035879731986744723
300000,1300,62742.882601271933841365162390
300000,1400,70041.274438507987950743580061
300000,1500,77339.666275744042060121997719
300000,1600,84638.05811298009616950041539
300000,1700,91936.44995021615027887883306
300000,1800,99234.84178745220438825725072
300000,1900,106533.23362468825849763566838
300000,2000,113831.62546192431260701408606
300000,2100,121130.01729916036671639250372
300000,2200,128428.40913639642082577092139
300000,2300,135726.80097363247493514933906
300000,2400,143025.19281086852904452775672
300000,2500,150323.58464810458315390617439
300000,2600,157621.97648534063726328459206
300000,2700,164920.36832257669137266300973
300000,2800,172218.76015981274548204142739
300000,2900,179517.15199704879959141984506
300000,3000,186815.54383428485370079826273
310000,500,3214.69749964841891415584058
310000,600,10513.08933688447302353425827
310000,700,17811.48117412052713291267591
310000,800,25109.87301135658124229109358
310000,900,32408.26484859263535166951125
310000,1000,39706.65668582868946104792891
310000,1100,47005.048523064743570426346567
310000,1200,54303.440360300797679804764235
310000,1300,61601.832197536851789183181907
310000,1400,68900.224034772905898561599577
310000,1500,76198.615872008960007940017234
310000,1600,83497.00770924501411731843490
310000,1700,90795.39954648106822669685258
310000,1800,98093.79138371712233607527024
310000,1900,105392.18322095317644545368791
310000,2000,112690.57505818923055483210557
310000,2100,119988.96689542528466421052324
310000,2200,127287.35873266133877358894091
310000,2300,134585.75056989739288296735857
310000,2400,141884.14240713344699234577624
310000,2500,149182.53424436950110172419390
310000,2600,156480.92608160555521110261158
310000,2700,163779.31791884160932048102924
310000,2800,171077.70975607766342985944690
310000,2900,178376.10159331371753923786458
310000,3000,185674.49343054977164861628224
320000,500,2073.64709591333686197386005
320000,600,9372.03893314939097135227773
320000,700,16670.43077038544508073069539
320000,800,23968.82260762149919010911305
320000,900,31267.21444485755329948753073
320000,1000,38565.60628209360740886594838
320000,1100,45863.998119329661518244366059
320000,1200,53162.389956565715627622783726
320000,1300,60460.781793801769737001201397
320000,1400,67759.173631037823846379619058
320000,1500,75057.565468273877955758036730
320000,1600,82355.95730550993206513645439
320000,1700,89654.34914274598617451487206
320000,1800,96952.74097998204028389328972
320000,1900,104251.13281721809439327170740
320000,2000,111549.52465445414850265012506
320000,2100,118847.91649169020261202854273
320000,2200,126146.30832892625672140696039
320000,2300,133444.70016616231083078537806
320000,2400,140743.09200339836494016379573
320000,2500,148041.48384063441904954221340
320000,2600,155339.87567787047315892063106
320000,2700,162638.26751510652726829904873
320000,2800,169936.65935234258137767746640
320000,2900,177235.05118957863548705588406
320000,3000,184533.44302681468959643430172
330000,500,932.59669217825480979187957
330000,600,8230.98852941430891917029724
330000,700,15529.38036665036302854871492
330000,800,22827.77220388641713792713260
330000,900,30126.16404112247124730555024
330000,1000,37424.55587835852535668396792
330000,1100,44722.94771559457946606238558
330000,1200,52021.339552830633575440803242
330000,1300,59319.731390066687684819220909
330000,1400,66618.123227302741794197638574
330000,1500,73916.515064538795903576056238
330000,1600,81214.90690177485001295447390
330000,1700,88513.29873901090412233289157
330000,1800,95811.69057624695823171130924
330000,1900,103110.08241348301234108972691
330000,2000,110408.47425071906645046814458
330000,2100,117706.86608795512055984656225
330000,2200,125005.25792519117466922497991
330000,2300,132303.64976242722877860339757
330000,2400,139602.04159966328288798181524
330000,2500,146900.43343689933699736023291
330000,2600,154198.82527413539110673865058
330000,2700,161497.21711137144521611706824
330000,2800,168795.60894860749932549548591
330000,2900,176094.00078584355343487390358
330000,3000,183392.39262307960754425232124
340000,500,-208.45371155682724239010095
340000,600,7089.93812567922686698831672
340000,700,14388.32996291528097636673437
340000,800,21686.72180015133508574515206
340000,900,28985.11363738738919512356970
340000,1000,36283.50547462344330450198739
340000,1100,43581.89731185949741388040505
340000,1200,50880.289149095551523258822715
340000,1300,58178.680986331605632637240382
340000,1400,65477.072823567659742015658049
340000,1500,72775.464660803713851394075709
340000,1600,80073.85649803976796077249338
340000,1700,87372.24833527582207015091105
340000,1800,94670.64017251187617952932871
340000,1900,101969.03200974793028890774638
340000,2000,109267.42384698398439828616405
340000,2100,116565.81568422003850766458172
340000,2200,123864.20752145609261704299939
340000,2300,131162.59935869214672642141705
340000,2400,138460.99119592820083579983472
340000,2500,145759.38303316425494517825238
340000,2600,153057.77487040030905455667005
340000,2700,160356.16670763636316393508772
340000,2800,167654.55854487241727331350538
340000,2900,174952.95038210847138269192305
340000,3000,182251.34221934452549207034072
350000,500,-1349.50411529190929457208148
350000,600,5948.88772194414481480633618
350000,700,13247.27955918019892418475384
350000,800,20545.67139641625303356317155
350000,900,27844.06323365230714294158918
350000,1000,35142.45507088836125232000686
350000,1100,42440.84690812441536169842453
350000,1200,49739.23874536046947107684220
350000,1300,57037.630582596523580455259863
350000,1400,64336.022419832577689833677534
350000,1500,71634.414257068631799212095199
350000,1600,78932.806094304685908590512867
350000,1700,86231.19793154074001796893054
350000,1800,93529.58976877679412734734820
350000,1900,100827.98160601284823672576586
350000,2000,108126.37344324890234610418353
350000,2100,115424.76528048495645548260120
350000,2200,122723.15711772101056486101887
350000,2300,130021.54895495706467423943654
350000,2400,137319.94079219311878361785420
350000,2500,144618.33262942917289299627187
350000,2600,151916.72446666522700237468954
350000,2700,159215.11630390128111175310721
350000,2800,166513.50814113733522113152487
350000,2900,173811.89997837338933050994254
350000,3000,181110.29181560944343988836020
360000,500,-2490.55451902699134675406198
360000,600,4807.83731820906276262435568
360000,700,12106.22915544511687200277340
360000,800,19404.62099268117098138119104
360000,900,26703.01282991722509075960870
360000,1000,34001.40466715327920013802637
360000,1100,41299.79650438933330951644400
360000,1200,48598.18834162538741889486170
360000,1300,55896.580178861441528273279368
360000,1400,63194.972016097495637651697029
360000,1500,70493.363853333549747030114699
360000,1600,77791.755690569603856408532361
360000,1700,85090.14752780565796578695003
360000,1800,92388.53936504171207516536770
360000,1900,99686.93120227776618454378537
360000,2000,106985.32303951382029392220303
360000,2100,114283.71487674987440330062070
360000,2200,121582.10671398592851267903837
360000,2300,128880.49855122198262205745603
360000,2400,136178.89038845803673143587370
360000,2500,143477.28222569409084081429137
360000,2600,150775.67406293014495019270904
360000,2700,158074.06590016619905957112670
360000,2800,165372.45773740225316894954437
360000,2900,172670.84957463830727832796204
360000,3000,179969.24141187436138770637970
370000,500,-3631.60492276207339893604249
370000,600,3666.78691447398071044237525
370000,700,10965.17875171003481982079289
370000,800,18263.57058894608892919921054
370000,900,25561.96242618214303857762823
370000,1000,32860.35426341819714795604587
370000,1100,40158.74610065425125733446357
370000,1200,47457.13793789030536671288122
370000,1300,54755.52977512635947609129889
370000,1400,62053.921612362413585469716564
370000,1500,69352.313449598467694848134223
370000,1600,76650.705286834521804226551891
370000,1700,83949.09712407057591360496956
370000,1800,91247.48896130663002298338722
370000,1900,98545.88079854268413236180489
370000,2000,105844.27263577873824174022256
370000,2100,113142.66447301479235111864023
370000,2200,120441.05631025084646049705789
370000,2300,127739.44814748690056987547556
370000,2400,135037.83998472295467925389322
370000,2500,142336.23182195900878863231090
370000,2600,149634.62365919506289801072856
370000,2700,156933.01549643111700738914622
370000,2800,164231.40733366717111676756389
370000,2900,171529.79917090322522614598156
370000,3000,178828.19100813927933552439923
380000,500,-4772.65532649715545111802298
380000,600,2525.73651073889865826039467
380000,700,9824.12834797495276763881232
380000,800,17122.52018521100687701723002
380000,900,24420.91202244706098639564766
380000,1000,31719.30385968311509577406533
380000,1100,39017.69569691916920515248302
380000,1200,46316.08753415522331453090069
380000,1300,53614.47937139127742390931833
380000,1400,60912.871208627331533287736007
380000,1500,68211.263045863385642666153675
380000,1600,75509.654883099439752044571347
380000,1700,82808.04672033549386142298901
380000,1800,90106.43855757154797080140668
380000,1900,97404.83039480760208017982435
380000,2000,104703.22223204365618955824201
380000,2100,112001.61406927971029893665968
380000,2200,119300.00590651576440831507735
380000,2300,126598.39774375181851769349501
380000,2400,133896.78958098787262707191268
380000,2500,141195.18141822392673645033035
380000,2600,148493.57325545998084582874802
380000,2700,155791.96509269603495520716568
380000,2800,163090.35692993208906458558335
380000,2900,170388.74876716814317396400102
380000,3000,177687.14060440419728334241868
390000,500,-5913.70573023223750330000351
390000,600,1384.68610700381660607841417
390000,700,8683.07794423987071545683184
390000,800,15981.46978147592482483524949
390000,900,23279.86161871197893421366723
390000,1000,30578.25345594803304359208483
390000,1100,37876.64529318408715297050251
390000,1200,45175.03713042014126234892018
390000,1300,52473.42896765619537172733785
390000,1400,59771.82080489224948110575552
390000,1500,67070.212642128303590484173183
390000,1600,74368.604479364357699862590848
390000,1700,81666.99631660041180924100851
390000,1800,88965.38815383646591861942618
390000,1900,96263.77999107252002799784385
390000,2000,103562.17182830857413737626151
390000,2100,110860.56366554462824675467918
390000,2200,118158.95550278068235613309685
390000,2300,125457.34734001673646551151452
390000,2400,132755.73917725279057488993218
390000,2500,140054.13101448884468426834985
390000,2600,147352.52285172489879364676752
390000,2700,154650.91468896095290302518518
390000,2800,161949.30652619700701240360284
390000,2900,169247.69836343306112178202051
390000,3000,176546.09020066911523116043818
400000,500,-7054.75613396731955548198400
400000,600,243.63570326873455389643370
400000,700,7542.02754050478866327485132
400000,800,14840.41937774084277265326899
400000,900,22138.81121497689688203168664
400000,1000,29437.20305221295099141010433
400000,1100,36735.59488944900510078852197
400000,1200,44033.98672668505921016693967
400000,1300,51332.37856392111331954535734
400000,1400,58630.77040115716742892377502
400000,1500,65929.162238393221538302192672
400000,1600,73227.554075629275647680610340
400000,1700,80525.94591286532975705902800
400000,1800,87824.33775010138386643744567
400000,1900,95122.72958733743797581586334
400000,2000,102421.12142457349208519428101
400000,2100,109719.51326180954619457269867
400000,2200,117017.90509904560030395111634
400000,2300,124316.29693628165441332953401
400000,2400,131614.68877351770852270795168
400000,2500,138913.08061075376263208636934
400000,2600,146211.47244798981674146478701
400000,2700,153509.86428522587085084320467
400000,2800,160808.25612246192496022162234
400000,2900,168106.64795969797906960004001
400000,3000,175405.03979693403317897845767
410000,500,-8195.80653770240160766396448
410000,600,-897.41470046634749828554682
410000,700,6400.97713676970661109287087
410000,800,13699.36897400576072047128855
410000,900,20997.76081124181482984970618
410000,1000,28296.15264847786893922812384
410000,1100,35594.54448571392304860654154
410000,1200,42892.93632294997715798495919
410000,1300,50191.32816018603126736337685
410000,1400,57489.71999742208537674179452
410000,1500,64788.11183465813948612021217
410000,1600,72086.503671894193595498629858
410000,1700,79384.89550913024770487704752
410000,1800,86683.28734636630181425546519
410000,1900,93981.67918360235592363388285
410000,2000,101280.07102083841003301230052
410000,2100,108578.46285807446414239071819
410000,2200,115876.85469531051825176913585
410000,2300,123175.24653254657236114755352
410000,2400,130473.63836978262647052597119
410000,2500,137772.03020701868057990438885
410000,2600,145070.42204425473468928280652
410000,2700,152368.81388149078879866122418
410000,2800,159667.20571872684290803964186
410000,2900,166965.59755596289701741805952
410000,3000,174263.98939319895112679647719
420000,500,-9336.85694143748365984594499
420000,600,-2038.46510420142955046752731
420000,700,5259.92673303462455891089038
420000,800,12558.31857027067866828930802
420000,900,19856.71040750673277766772571
420000,1000,27155.10224474278688704614334
420000,1100,34453.49408197884099642456102
420000,1200,41751.88591921489510580297867
420000,1300,49050.27775645094921518139633
420000,1400,56348.66959368700332455981399
420000,1500,63647.06143092305743393823168
420000,1600,70945.45326815911154331664935
420000,1700,78243.845105395165652695067013
420000,1800,85542.23694263121976207348468
420000,1900,92840.62877986727387145190235
420000,2000,100139.02061710332798083032001
420000,2100,107437.41245433938209020873768
420000,2200,114735.80429157543619958715535
420000,2300,122034.19612881149030896557302
420000,2400,129332.58796604754441834399068
420000,2500,136630.97980328359852772240835
420000,2600,143929.37164051965263710082602
420000,2700,151227.76347775570674647924368
420000,2800,158526.15531499176085585766135
420000,2900,165824.54715222781496523607902
420000,3000,173122.93898946386907461449668
430000,500,-10477.90734517256571202792552
430000,600,-3179.51550793651160264950780
430000,700,4118.87632929954250672890984
430000,800,11417.26816653559661610732752
430000,900,18715.66000377165072548574516
430000,1000,26014.05184100770483486416286
430000,1100,33312.44367824375894424258051
430000,1200,40610.83551547981305362099816
430000,1300,47909.22735271586716299941585
430000,1400,55207.61918995192127237783351
430000,1500,62506.01102718797538175625119
430000,1600,69804.40286442402949113466886
430000,1700,77102.794701660083600513086514
430000,1800,84401.18653889613770989150418
430000,1900,91699.57837613219181926992185
430000,2000,98997.97021336824592864833952
430000,2100,106296.36205060430003802675718
430000,2200,113594.75388784035414740517485
430000,2300,120893.14572507640825678359252
430000,2400,128191.53756231246236616201018
430000,2500,135489.92939954851647554042785
430000,2600,142788.32123678457058491884551
430000,2700,150086.71307402062469429726318
430000,2800,157385.10491125667880367568085
430000,2900,164683.49674849273291305409851
430000,3000,171981.88858572878702243251618
440000,500,-11618.95774890764776420990601
440000,600,-4320.56591167159365483148838
440000,700,2977.82592556446045454692931
440000,800,10276.21776280051456392534696
440000,900,17574.60960003656867330376463
440000,1000,24873.00143727262278268218231
440000,1100,32171.39327450867689206059997
440000,1200,39469.78511174473100143901764
440000,1300,46768.17694898078511081743531
440000,1400,54066.56878621683922019585298
440000,1500,61364.96062345289332957427064
440000,1600,68663.35246068894743895268830
440000,1700,75961.74429792500154833110597
440000,1800,83260.13613516105565770952363
440000,1900,90558.52797239710976708794130
440000,2000,97856.91980963316387646635897
440000,2100,105155.31164686921798584477663
440000,2200,112453.70348410527209522319430
440000,2300,119752.09532134132620460161197
440000,2400,127050.48715857738031398002964
440000,2500,134348.87899581343442335844730
440000,2600,141647.27083304948853273686497
440000,2700,148945.66267028554264211528264
440000,2800,156244.05450752159675149370030
440000,2900,163542.44634475765086087211797
440000,3000,170840.83818199370497025053564
450000,500,-12760.00815264272981639188649
450000,600,-5461.61631540667570701346882
450000,700,1836.77552182937840236494883
450000,800,9135.16735906543251174336653
450000,900,16433.55919630148662112178415
450000,1000,23731.95103353754073050020181
450000,1100,31030.34287077359483987861950
450000,1200,38328.73470800964894925703716
450000,1300,45627.12654524570305863545483
450000,1400,52925.51838248175716801387249
450000,1500,60223.91021971781127739229016
450000,1600,67522.30205695386538677070784
450000,1700,74820.69389418991949614912552
450000,1800,82119.08573142597360552754317
450000,1900,89417.47756866202771490596084
450000,2000,96715.86940589808182428437850
450000,2100,104014.26124313413593366279617
450000,2200,111312.65308037019004304121384
450000,2300,118611.04491760624415241963150
450000,2400,125909.43675484229826179804917
450000,2500,133207.82859207835237117646683
450000,2600,140506.22042931440648055488450
450000,2700,147804.61226655046058993330217
450000,2800,155103.00410378651469931171983
450000,2900,162401.39594102256880869013750
450000,3000,169699.78777825862291806855516
460000,500,-13901.05855637781186857386699
460000,600,-6602.66671914175775919544933
460000,700,695.72511809429635018296832
460000,800,7994.11695533035045956138602
460000,900,15292.50879256640456893980366
460000,1000,22590.90062980245867831822136
460000,1100,29889.29246703851278769663900
460000,1200,37187.68430427456689707505666
460000,1300,44486.07614151062100645347433
460000,1400,51784.46797874667511583189199
460000,1500,59082.85981598272922521030967
460000,1600,66381.25165321878333458872734
460000,1700,73679.64349045483744396714501
460000,1800,80978.03532769089155334556267
460000,1900,88276.42716492694566272398034
460000,2000,95574.81900216299977210239801
460000,2100,102873.21083939905388148081567
460000,2200,110171.60267663510799085923334
460000,2300,117469.99451387116210023765101
460000,2400,124768.38635110721620961606868
460000,2500,132066.77818834327031899448634
460000,2600,139365.17002557932442837290401
460000,2700,146663.56186281537853775132167
460000,2800,153961.95370005143264712973934
460000,2900,161260.34553728748675650815701
460000,3000,168558.73737452354086588657468
470000,500,-15042.10896011289392075584750
470000,600,-7743.71712287683981137742988
470000,700,-445.32528564078570199901217
470000,800,6853.06655159526840737940546
470000,900,14151.45838883132251675782314
470000,1000,21449.85022606737662613624079
470000,1100,28748.24206330343073551465846
470000,1200,36046.63390053948484489307613
470000,1300,43345.02573777553895427149382
470000,1400,50643.41757501159306364991149
470000,1500,57941.80941224764717302832915
470000,1600,65240.20124948370128240674682
470000,1700,72538.59308671975539178516447
470000,1800,79836.98492395580950116358215
470000,1900,87135.37676119186361054199981
470000,2000,94433.76859842791771992041747
470000,2100,101732.16043566397182929883514
470000,2200,109030.55227290002593867725281
470000,2300,116328.94411013608004805567048
470000,2400,123627.33594737213415743408814
470000,2500,130925.72778460818826681250581
470000,2600,138224.11962184424237619092348
470000,2700,145522.51145908029648556934114
470000,2800,152820.90329631635059494775881
470000,2900,160119.29513355240470432617648
470000,3000,167417.68697078845881370459415
480000,500,-16183.15936384797597293782807
480000,600,-8884.76752661192186355941039
480000,700,-1586.37568937586775418099275
480000,800,5712.01614786018635519742498
480000,900,13010.40798509624046457584261
480000,1000,20308.79982233229457395426026
480000,1100,27607.19165956834868333267794
480000,1200,34905.58349680440279271109559
480000,1300,42203.97533404045690208951328
480000,1400,49502.36717127651101146793098
480000,1500,56800.75900851256512084634861
480000,1600,64099.15084574861923022476630
480000,1700,71397.54268298467333960318394
480000,1800,78695.93452022072744898160162
480000,1900,85994.32635745678155836001928
480000,2000,93292.71819469283566773843695
480000,2100,100591.11003192888977711685462
480000,2200,107889.50186916494388649527228
480000,2300,115187.89370640099799587368995
480000,2400,122486.28554363705210525210762
480000,2500,129784.67738087310621463052528
480000,2600,137083.06921810916032400894295
480000,2700,144381.46105534521443338736062
480000,2800,151679.85289258126854276577829
480000,2900,158978.24472981732265214419595
480000,3000,166276.63656705337676152261362
490000,500,-17324.20976758305802511980849
490000,600,-10025.81793034700391574139082
490000,700,-2727.42609311094980636297320
490000,800,4570.96574412510430301544451
490000,900,11869.35758136115841239386215
490000,1000,19167.74941859721252177227983
490000,1100,26466.14125583326663115069749
490000,1200,33764.53309306932074052911515
490000,1300,41062.92493030537484990753283
490000,1400,48361.31676754142895928595050
490000,1500,55659.70860477748306866436814
490000,1600,62958.10044201353717804278586
490000,1700,70256.49227924959128742120350
490000,1800,77554.88411648564539679962115
490000,1900,84853.27595372169950617803883
490000,2000,92151.66779095775361555645650
490000,2100,99450.05962819380772493487417
490000,2200,106748.45146542986183431329183
490000,2300,114046.84330266591594369170950
490000,2400,121345.23513990197005307012716
490000,2500,128643.62697713802416244854483
490000,2600,135942.01881437407827182696250
490000,2700,143240.41065161013238120538016
490000,2800,150538.80248884618649058379783
490000,2900,157837.19432608224059996221550
490000,3000,165135.58616331829470934063317
500000,500,-18465.26017131814007730178903
500000,600,-11166.86833408208596792337135
500000,700,-3868.47649684603185854495372
500000,800,3429.91534039002225083346400
500000,900,10728.30717762607636021188165
500000,1000,18026.69901486213046959029928
500000,1100,25325.09085209818457896871695
500000,1200,32623.48268933423868834713462
500000,1300,39921.87452657029279772555229
500000,1400,47220.26636380634690710396994
500000,1500,54518.65820104240101648238765
500000,1600,61817.05003827845512586080532
500000,1700,69115.44187551450923523922296
500000,1800,76413.83371275056334461764063
500000,1900,83712.22554998661745399605829
500000,2000,91010.61738722267156337447596
500000,2100,98309.00922445872567275289364
500000,2200,105607.40106169477978213131130
500000,2300,112905.79289893083389150972897
500000,2400,120204.18473616688800088814663
500000,2500,127502.57657340294211026656430
500000,2600,134800.96841063899621964498197
500000,2700,142099.36024787505032902339964
500000,2800,149397.75208511110443840181730
500000,2900,156696.14392234715854778023497
500000,3000,163994.53575958321265715865264
